,mol_name,mol_tag,smiles_str,cgsmiles_str,OCO,HD,CLF
0,water,W,O,{[#W]}.{#W=O},-8.23,-21.68,-14.15
1,butene,butene,CCC=C,{[#C4]}.{#C4=CCC=C},13.4,10.6,13.6
2,propene,propene,CC=C,{[#SC4]}.{#SC4=CC=C},8.4,7.5,10.6
3,ethene,ethene,C=C,{[#TC4]}.{#TC4=C=C},6.4,5.6,8.2
4,butyne,butyne,CCC#C,{[#C6]}.{#C6=CCC#C},10.1,5.4,11.4
5,propyne,propyne,CC#C,{[#SC6]}.{#SC6=CC#C},5.3,2.7,8.7
6,1-propanol,1-propanol,CCCO,{[#P1]}.{#P1=CCCO},-2.0,-11.1,-4.8
7,2-propanol,2-propanol,CC(C)O,{[#SN6]}.{#SN6=CC(C)O},-4.2,-11.1,-6.9
8,ethanol,ethanol,CCO,{[#SP1]}.{#SP1=CCO},-5.2,-13.1,-6.7
9,methanol,methanol,CO,{[#SP2r]}.{#SP2r=CO},-6.9,-14.8,-8.9
10,isobutanal,isobutanal,CC(C)C=O,{[#N4a]}.{#N4a=CC(C)C=O},4.3,-3.0,3.1
11,propanal,propanal,CCC=O,{[#N5a]}.{#N5a=CCC=O},2.2,-5.1,1.0
12,ethanal,ethanal,CC=O,{[#SN5a]}.{#SN5a=CC=O},-1.0,-6.6,-0.6
13,butane,butane,CCCC,{[#C1]}.{#C1=CCCC},18.9,17.2,17.2
14,2-methylpropane,2-methylpropane,CC(C)C,{[#C2]}.{#C2=CC(C)C},14.8,15.4,14.3
15,2-methyl-propane,2-methyl-propane,CC(C)C,{[#SC1]}.{#SC1=CC(C)C},14.2,15.3,14.9
16,propane,propane,CCC,{[#SC2]}.{#SC2=CCC},9.9,13.9,11.6
17,cyclopropane,cyclopropane,C1CC1,{[#SC3]}.{#SC3=C1CC1},9.2,11.0,10.9
18,ethane,ethane,CC,{[#TC2]}.{#TC2=CC},7.8,11.1,9.3
19,"N,N-dimethylformamide",DMFD,CN(C)C=O,{[#P3a]}.{#P3a=CN(C)C=O},-3.5,-13.2,-5.1
20,propanamide,propanamide,CCC(N)=O,{[#P5]}.{#P5=CCC(N)=O},-9.1,-19.2,-10.9
21,acetamide,acetamide,CC(N)=O,{[#SP5]}.{#SP5=CC(N)=O},-11.8,-20.4,-12.7
22,formamide,formamide,NC=O,{[#SP6r]}.{#SP6r=NC=O},-12.0,-28.5,-14.4
23,propanoic,propanoic,CCC(O)=O,{[#P2]}.{#P2=CCC(O)=O},-3.8,-13.2,-6.9
24,acetic,acetic,CC(O)=O,{[#SP2]}.{#SP2=CC(O)=O},-6.9,-14.8,-8.9
25,"buta-1,3-diene","buta-1,3-diene",C=CC=C,{[#C5]}.{#C5=C=CC=C},11.2,8.8,12.1
26,prop-2-en-1-ol,prop-2-en-1-ol,OCC=C,{[#P1]}.{#P1=OCC=C},-2.0,-11.1,-4.8
27,methyl acetate,methyl acetate,COC(C)=O,{[#N4]}.{#N4=COC(C)=O},2.2,-5.0,1.1
28,methyl formate,methyl formate,COC=O,{[#SN4]}.{#SN4=COC=O},-0.9,-6.6,-0.3
29,1-chloropropane,1-chloropropane,CCCCl,{[#X3]}.{#X3=CCCCl},13.9,10.7,14.8
30,tetrachloromethane,TCM,C(Cl)(Cl)(Cl)(Cl),{[#X1]}.{#X1=C(Cl)(Cl)(Cl)(Cl)},14.3,12.9,17.1
31,bromopropane,bromopropane,CCCBr,{[#X1]}.{#X1=CCCBr},14.3,12.9,17.1
32,iodoethane,iodoethane,CCI,{[#X1]}.{#X1=CCI},14.3,12.9,17.1
33,trichloromethane,trichloromethane,ClC(Cl)Cl,{[#X2]}.{#X2=ClC(Cl)Cl},12.7,10.3,14.5
34,"1,1-dichloroethane","1,1-dichloroethane",CC(Cl)Cl,{[#X3h]}.{#X3h=CC(Cl)Cl},13.9,10.7,14.8
35,"1,2-dichloroethane",DCE,ClCCCl,{[#X4h]}.{#X4h=ClCCCl},8.7,5.8,11.5
36,chloroethane,chloroethane,CCCl,{[#SX3]}.{#SX3=CCCl},8.0,8.1,12.3
37,dichloromethane,dichloromethane,ClCCl,{[#SX2]}.{#SX2=ClCCl},7.2,7.9,12.1
38,bromoethane,bromoethane,CCBr,{[#SX1r]}.{#SX1r=CCBr},9.4,10.3,14.6
39,iodomethane,iodomethane,CI,{[#SX1]}.{#SX1=CI},9.4,10.3,14.6
40,chloromethane,chloromethane,CCl,{[#TX3]}.{#TX3=CCl},5.4,5.4,8.6
41,bromomethane,bromomethane,CBr,{[#TX2]}.{#TX2=CBr},5.2,5.3,8.6
42,butanone,butanone,CCC(C)=O,{[#N4a]}.{#N4a=CCC(C)=O},4.3,-3.0,3.1
43,propanone,propanone,CC(C)=O,{[#SN5a]}.{#SN5a=CC(C)=O},-1.0,-6.6,-0.6
44,acetonitrile,acetonitrile,CC#N,{[#SN5ah]}.{#SN5ah=CC#N},-1.0,-6.6,-0.6
45,propane-1-thiol,propane-1-thiol,CCCS,{[#C6]}.{#C6=CCCS},10.1,5.4,11.4
46,dimethyl-sulfide,dimethyl-sulfide,CSC,{[#SC6]}.{#SC6=CSC},5.3,2.7,8.7
47,n-propylamine,n-propylamine,CCCN,{[#N6d]}.{#N6d=CCCN},1.0,-7.6,-2.9
48,ethylamine,ethylamine,CCN,{[#SN6d]}.{#SN6d=CCN},-2.5,-9.2,-5.0
49,methylamine,methylamine,CN,{[#TN6d]}.{#TN6d=CN},-4.1,-9.8,-6.0
50,dimethylamine,dimethylamine,CNC,{[#SN3]}.{#SN3=CNC},-1.8,-5.1,-0.4
51,trimethylamine,trimethylamine,CN(C)C,{[#SN3a]}.{#SN3a=CN(C)C},0.2,-2.9,1.9
52,glycine,glycine,NCC(O)=O,{[#P6]}.{#P6=NCC(O)=O},-9.2,-27.2,-11.9
53,hexyne,HXY,CCCCC#C,"{[#SC2][#SC6]}.{#SC2=CCC[$],#SC6=[$]CC#C}",,,
54,octyne,OCY,CCCCCCC#C,"{[#C1][#C6]}.{#C1=CCCC[$],#C6=[$]CCC#C}",,,
55,N-octanol,OCO,CCCCCCCCO,"{[#SC2][#SC2][#SP1]}.{#SC2=[$]CCC[$],#SP1=[$]CCO}",12.93,13.05,14.2
56,hexanol,HXO,CCCCCCO,"{[#C1][#SP1]}.{#C1=CCCC[$],#SP1=[$]CCO}",11.8,3.98,9.17
57,heptanol,HPO,CCCCCCCO,"{[#C1][#P1]}.{#C1=CCCC[$],#P1=[$]CCCO}",14.1,5.89,10.72
58,butanol,BTO,CCCCO,"{[#TC2][#SP1]}.{#TC2=CC[$],#SP1=[$]CCO}",2.2,-2.15,1.63
59,hexanal,HXA,CCCCCC=O,"{[#C1][#SN6a]}.{#C1=CCCC[$],#SN6a=[$]CC=O}",14.2,7.71,11.18
60,heptanal,HPAL,CCCCCCC=O,"{[#C1][#N6a]}.{#C1=CCCC[$],#N6a=[$]CCC=O}",17.4,8.89,12.34
61,butanal,BTA,CCCC=O,"{[#TC3][#SN6a]}.{#TC3=CC[$],#SN6a=[$]CC=O}",3.6,-0.77,2.28
62,Cyclohexane,CHEX,C1CCCCC1,{[#SC3]=[#SC3]}.{#SC3=[$]CCC[$]},17.468,20.832,20.114
63,hexane,HEX,CCCCCC,{[#SC2][#SC2]}.{#SC2=CCC[$]},18.8,25.93,21.54
64,octane,OCT,CCCCCCCC,{[#C1][#C1]}.{#C1=[$]CCCC},34.0,31.64,30.84
65,hexene,HXE,CCCCC=C,"{[#SC2][#SC4]}.{#SC2=CCC[$],#SC4=[$]CC=C}",17.7,20.4,21.01
66,octene,OCE,CCCCCCC=C,"{[#C1][#C4h]}.{#C1=CCCC[$],#C4h=[$]CCC=C}",29.5,25.68,27.81
67,"hexa-l,4-diene",HXD14,CC=CC=CC,{[#SC4][#SC4]}.{#SC4=CC=C[$]},16.43,14.73,20.22
68,ethylacetate,ETA,CCOC(C)=O,"{[#TC3][#SN4a]}.{#TC3=CC[$],#SN4a=[$]OC(C)=O}",7.2,3.75,8.62
69,n-butyl acetate,NBA,CCCCOC(C)=O,"{[#C2][#SN4a]}.{#C2=CCCC[$],#SN4a=[$]OC(C)=O}",15.0,11.39,15.21
70,iso-butyl acetate,IBA,CC(C)COC(C)=O,"{[#SC2][#SN4a]}.{#SC2=CC(C)C[$],#SN4a=[$]OC(C)=O}",10.4,9.0,12.14
71,t-butyl acetate,TBA,CC(=O)OC(C)(C)C,"{[#SC2][#SN4a]}.{#SC2=[$]C(C)(C)(C),#SN4a=[$]OC(C)=O}",10.3,9.06,12.3
72,Tetrahydropyran,THP,C1CCOCC1,"{[#SC3]=[#SN4a]}.{#SC3=[$]CCC[$],$SN4a=[$]COC[$]}",9.642,6.487,11.512
73,"1,4-dioxane",DIOX,C1COCCO1,{[#SN3a]=[#SN3a]}.{#SN3a=[$]COC[$]},0.216,-5.38,2.282
74,dimethoxyethane,DXE,COCCOC,{[#SN3r][#SN3r]}.{#SN3r=[$]COC[$]},0.42,-5.87,2.47
75,diisopropyl ehter,DISH,CC(C)OC(C)C,"{[#TC3][#SN3a][#TC3]}.{#TC3=CC[!]C,#SN3a=[!]COC[!]}",,,
76,trifluoroethanol,TFEOL,OCC(F)(F)(F),"{[#SX4e][#TP1d]}.{#SX4e=[!]CC(F)(F)(F),#TP1d=[!]CO}",-0.3,-7.59,2.45
77,hexa-2-one,HXN,CCCCC(=O)C,"{[#C2][#SN6a]}.{#C2=CCCC[$],#SN6a=[$]C(=O)C}",11.4,6.7,8.53
78,hepta-2-one,HPN,CCCCCC(=O)C,"{[#C2][#N6a]}.{#C2=CCCC[$],#N6a=[$]CC(=O)C}",13.9,8.01,9.96
79,acetylacetone,ANN,CC(=O)CC(C)=O,{[#SN5a][#SN5a]}.{#SN5a=CC(=O)C[!]},-1.6,-12.17,-1.44
80,diisopropylsufide,DISS,CC(C)SC(C)C,"{[#TC3][#SC5][#TC3]}.{#TC3=CC[!]C,#SC5=[!]CSC[!]}",17.78,18.71,22.77
81,dimethylsulfoxide,DMSO,C[S](C)=O,"{[#SC6][#TP6]}.{#SC6=CS[!]C,#TP6=[!]S=O}",-6.5,-22.96,-6.46
82,n-pentylamine,PTI,CCCCCN,"{[#SC2][#SN6d]}.{#SC2=CCC[$],#SN6d=[$]CCN}",6.6,4.45,5.67
83,n-hexylamine,HXI,CCCCCCN,"{[#C1][#SN6d]}.{#C1=CCCC[$],#SN6d=[$]CCN}",14.4,7.88,11.18
84,n-heptamine,HPI,CCCCCCCN,"{[#C1][#N6d]}.{#C1=CCCC[$],#N6d=[$]CCCN}",17.0,9.02,12.87
85,n-octylamine,OCI,CCCCCCCCN,"{[#SC2][#SC2][#SN6d]}.{#SC2=[<]CCC[>],#SN6d=[>]CCN}",15.8,16.79,15.86
86,butylamine,BTI,CCCCN,"{[#TC2][#SN6d]}.{#TC2=CC[$],#SN6d=[$]CCN}",4.4,1.26,3.13
87,dodecane,DOD,CCCCCCCCCCCC,{[#C1]|3}.{#C1=[$]CCCC[$]},,46.21,45.21
88,hexadecane,HD,CCCCCCCCCCCCCCCC,{[#C1]|4}.{#C1=[$]CCCC[$]},,,
89,1-dodecene,DOE,CCCCCCCCCCC=C,"{[#C4][#C1]|2}.{#C4=C=CCC[$],#C1=[$]CCCC[$]}",,20.99,41.75
90,1-hexyne,HXY,CCCCC#C,"{[#SC6][#SC2]}.{#SC6=C#CC[$],#SC2=CCC[$]}",14.2,15.94,18.82
91,1-octyne,OCY,CCCCCCC#C,"{[#C6][#C1]}.{#C1=[$]CCCC,#C6=[$]CCC#C}",25.4,20.62,25.83
92,1-4-hexadiene,HXD14,C=CCC=CC,{[#SC4]|2}.{#SC4=[<]C=CC[>]},16.43,14.73,20.22
93,trichloroethylene,TCE,ClC=C(Cl)Cl,{[#X3h]}.{#X3h=ClC=C(Cl)Cl},13.9,10.7,14.8
94,isopropanol,IPO,CC(C)O,{[#P1]}.{#P1=CC(C)O},-2.0,-11.1,-4.8
95,diethylether,ETH,CCOCC,{[#N2]}.{#N2=CCOCC},5.6,0.5,5.1
96,triglyme,TXE,COCCOCCOCCOC,{[#SN3r]|4}.{#SN3r=[$]COC[$]},,,
97,dimethylethylamine,NDI,CCN(C)C,{[#SN3]}.{#SN3=CCN(C)C},-1.8,-5.1,-0.4
98,dimethylacetamide,DMAD,CN(C)C(C)=O,{[#P2h]}.{#P2h=CN(C)C(C)=O},-3.8,-13.2,-6.9
99,methylhydrazine,methylhydrazine,CNN,{[#P5d]}.{#P5d=CNN},-7.0,-16.8,-8.8
100,dibromomethane,dibromomethane,BrCBr,{[#SX1]}.{#SX1=BrCBr},9.4,10.3,14.6
101,chlorobromomethane,chlorobromomethane,ClCBr,{[#SX2]}.{#SX2=ClCBr},7.2,7.9,12.1
102,propane,propane,CCC,{[#SC1]}.{#SC1=CCC},14.2,15.3,14.9
103,difluoromethane,difluoromethane,FCF,{[#TX4]}.{#TX4=FCF},2.7,1.2,6.4
104,diiodomethane,diiodomethane,ICI,{[#X2]}.{#X2=ICI},12.7,10.3,14.5
105,355120-85-3,355120-85-3,S=C=S,{[#C6]}.{#C6=S=C=S},10.1,5.4,11.4
106,methoxymethane,methoxymethane,COC,{[#SN3a]}.{#SN3a=COC},0.2,-2.9,1.9
107,carbondioxide,carbondioxide,O=C=O,{[#SC6]}.{#SC6=O=C=O},5.3,2.7,8.7
108,cyanamide,cyanamide,NC#N,{[#P4d]}.{#P4d=NC#N},-5.1,-14.7,-6.8
109,"propa-1,2-diene","propa-1,2-diene",[CH2]=[C]=[CH2],{[#SC4]}.{#SC4=C=C=C},8.4,7.5,10.6
110,bromoethene,bromoethene,BrC=C,{[#SX1]}.{#SX1=BrC=C},9.4,10.3,14.6
111,chlorofluoromethane,chlorofluoromethane,FCCl,{[#SX4]}.{#SX4=FCCl},4.3,2.9,8.6
112,cyanamide,cyanamide,NC#N,{[#SN6]}.{#SN6=NC#N},-4.2,-11.1,-6.9
113,vinylchloride,vinylchloride,ClC=C,{[#SX3]}.{#SX3=ClC=C},8.0,8.1,12.3
114,Propaneamide,AAMD,CCC(=O)N,"{[#TC3][#TP6a]}.{#TC3=CC[$],#TP6a=[$]C(=O)N}",-5.75,-18.05,-6.61
115,Methyl propanoate,MAC,O=C(OC)CC,"{[#TC3][#SN4a]}.{#TC3=CC[$],#SN4a=[$]C(=O)OC}",7.38,3.86,9.02
116,"1,3-Butanediol",PVA2,CC(O)CCO,{[#SN6r]|2}.{#SN6r=[<]CC[>](O)},,,
117,Methyl isobutyrate,MMAC,O=C(OC)C(C)(C),"{[#SC3][#SN4a]}.{#SC3=CC[$](C),#SN4a=[$]C(=O)OC}",,,
118,Dimethoxyethane,PEG2,COCCOC,{[#SN3r]|2}.{#SN3r=[$]COC[$]},-3.44,-9.85,-1.34
119,Ethylbenzene,STYR,CCc1ccccc1,"{[#TC3][#TC5]1[#TC5][#TC5]1}.{#TC3=CC[<],#TC5=[>][>]cc[<]}",16.043,14.099,21.785
120,Isobutyramide/Isobutanamide,MAMD,O=C(N)C(C)C,"{[#SC3][#TP6a]}.{#SC3=CC(C)[$],#TP6a=[$]C(=O)N}",-3.47,-16.09,-3.77
121,Ethanol,PVA,CCO,{[#SN6r]}.{#SN6r=CCO},-4.2,-11.1,-6.9
122,propionic acid,AAC,CCC(=O)O,"{[#TC3][#TP2a]}.{#TC3=CC[$],#TP2a=[$]C(=O)O}",-0.07,-4.28,0.12
123,Methoxyethane,MEH,COC,{[#SN3r]}.{#SN3r=COC},-1.8,-5.1,-0.4
124,2-Ethylpyrdine,2VP,CCc1ncccc1,"{[#TC3][#TN6a]1[#TC5][#TC5]1}.{#TC3=CC[$],#TC5=[>]cc[<],#TN6a=[$][>]cn[<]}",10.38,5.98,12.84
125,4-Ethylpyridine,4VP,CCc1ccncc1,"{[#TC3][#TC5]1[#TC5][#TN6a]1}.{#TC3=CC[$],#TC5=[$][>]cc[<],#TN6a=[>]cn[<]}",,,
126,Ethylamine,ALA,CCN,{[#TN6d]}.{#TN6d=CCN},-4.1,-9.8,-6.0
127,Butanone,MKA,CC(=O)CC,"{[#TC3][#SN5a]}.{#TC3=CC[$],#SN5a=CC[$]=O}",4.86,,
128,Propane / branched,PP,CC(C)CC(C)CC(C),"{[#TC3]([#TC3A])|3}.{#TC3=[>]CC[<][$],#TC3A=[$]C}",,,
129,12-Butadiene,12BD,CCC=C,"{[#TC3][#SC4]}.{#TC3=CC[$],#SC4=[$]C=C}",,,
130,Ethene,R9,C=C,{[#TC4]}.{#TC4=C=C},6.4,5.6,8.2
131,Propene,R25,C=C-C,{[#SC4]}.{#SC4=C=CC},8.4,7.5,10.6
132,"1,3 - butadiene",R27,C=CC=C,{[#SC4]|2}.{#SC4=C=C[$]},12.38,,
133,Methyl acrylate,R29,O=C(OC)C=C,"{[#TC4][#SN4a]}.{#TC4=C=C[$],#SN4a=[$]C(=O)OC}",-10.86,,
134,Methyl methacrylate,R11,O=C(OC)C(=C)(C),"{[#SC3][#SN4a]}.{#SC3=C=C[$](C),#SN4a=[$]C(=O)OC}",9.1,,
135,Styrene,R13,C=Cc1ccccc1,"{[#TC4][#TC5]1[#TC5][#TC5]1}.{#TC4=C=C[<],#TC5=[>][>]cc[<]}",18.06,,
136,acrylic acid,R1,C=CC(=O)O,"{[#TC4][#TP2a]}.{#TC4=C=C[$],#TP2a=[$]C(=O)O}",-0.14,,
137,acrylamide,R23,C=CC(=O)N,"{[#TC4][#TP6a]}.{#TC4=C=C[$],#TP6a=[$]C(=O)N}",-5.73,,
138,methacrylamide,R31,C=C(C)C(=O)N,"{[#SC3][#TP6a]}.{#SC3=C=C(C)[$],#TP6a=[$]C(=O)N}",-3.08,,
139,methacrylic acid,R33,C=C(C)C(=O)O,"{[#SC3][#TP2a]}.{#SC3=C=C(C)[$],#TP2a=[$]C(=O)O}",2.2,,
140,2-vinyl pyridine,R202,C=Cc1ncccc1,"{[#TC4][#TN6a]1[#TC5][#TC5]1}.{#TC4=C=C[$],#TC5=[>]cc[<],#TN6a=[$][>]cn[<]}",10.67,,
141,4-vinyl pyridine,R204,C=Cc1ccncc1,"{[#TC4][#TC5]1[#TC5][#TN6a]1}.{#TC4=C=C[$],#TC5=[$][>]cc[<],#TN6a=[>]cn[<]}",,,
142,methyl vinyl ketone,R18,C=CC(=O)C,"{[#TC4][#SN5a]}.{#TC4=C=C[$],#SN5a=CC[$]=O}",,,
143,1-Methylimidazole,1MIMI,C[n]1ccnc1,"{[#TN6a]1[#TC5][#TN1]1}.{#TN1=[>][<]nC,#TN6a=[$]nc[>],#TC5=[<]cc[$]}",3.046,-4.528,3.34
144,2-Methyl-pyridine,2MPYR,Cc1ccccn1,"{[#SC4]1[#TN6a][#TC5]1}.{#SC4=Cc(c[!])n[!],#TN6a=[!]ncc[!],#TC5=[!]ccc[!]}",8.571,3.016,9.845
145,2-Nitro-m-xylene,2NIMX,Cc1c(c(ccc1)C)[N+](=O)[O-],"{[#SC4]21[#TC5][#SC4]2[#SN3a]1}.{#SN3a=[$][N+](=O)[O-],#SC4=c[!A]c(C)c[!B][$],#TC5=c[!A]cc[!A]}",18.717,14.521,24.034
146,2-Nitrotoluene,2NITL,Cc1ccccc1[N+](=O)[O-],"{[#SC4]21[#TC5][#TC5A]2[#SN3a]1}.{#SN3a=[$][N+](=O)[O-],#SC4=c[!A]c(C)c[!B][$],#TC5=c[!A]cc[!A],#TC5A=c[!A]cc[!B]}",15.099,11.454,19.861
147,3-hexyl-thiophene,3HT,CCCCCCc1cc[s]c1,"{[#SC2][#SC2][#TC5]1[#TC5][#TC6]1}.{#SC2=[$]CCC[$],#TC5=[$][<]cc[>],#TC6=[>][<]s}",28.676,33.474,35.526
148,3-propyl-thiophene,3PT,CCCc1cc[s]c1,"{[#SC2][#TC5]1[#TC5][#TC6]1}.{#SC2=[$]CCC[$],#TC5=[$][<]cc[>],#TC6=[>][<]s}",19.768,21.642,26.475
149,4-Methylimidazole,4MIMI,[nH]1cc(nc1)C,"{[#TN5a]1[#TC4][#TN6d]1}.{#TN6d=[>][<]n[H],#TN5a=[$]nc[>],#TC4=[<]c(C)c[$]}",0.276,-9.661,-0.212
150,4-Nitroanisole,4NIAN,COc1ccc(cc1)[N+](=O)[O-],"{[#SN3a]1[#TC5]2[#SN2a][#TC5]12}.{#SN3a=[$][$]c[N+](=O)[O-],#TC5=[$]cc[$],#SN2a=[$][$]cOC}",11.904,4.774,16.73
151,Acetophenone,ACPH,CC(=O)c1ccccc1,"{[#TC5A]21[#TC5][#TC5A]2[#SN4a]1}.{#SN4a=[$]C(=O)C,#TC5A=c[!A]cc[!B][$],#TC5=c[!A]cc[!A]}",12.672,6.693,17.002
152,Aniline,ANIL,Nc1ccccc1,"{[#SN6d]1[#TC5][#TC5]1}.{#SN6d=Nc(c[!])c[!],#TC5=[!]ccc[!]}",5.172,-1.337,5.62
153,Benzaldehyde,BEAL,O=Cc1ccccc1,"{[#TC5A]21[#TC5][#TC5A]2[#TN4a]1}.{#TN4a=[$]C(=O),#TC5A=c[!A]cc[!B][$],#TC5=c[!A]cc[!A]}",10.876,6.023,15.406
154,Benzene,BENZ,c1ccccc1,{[#TC5]1[#TC5][#TC5]1}.{#TC5=[$]cc[$]},12.354,11.124,16.908
155,4-Bromoanisole,BRA,COc1ccc(cc1)Br,"{[#SN2a]1[#TC5]2[#TX2][#TC5]12}.{#SN2a=[$][$]cOC,#TC5=[$]cc[$],#TX2=[$][$]cBr}",15.86,12.759,22.619
156,Bromobenzene,BRBZ,Brc1ccccc1,"{[#SX2]1[#TC5][#TC5]1}.{#SX2=Brc(c[!])c[!],#TC5=[!]ccc[!]}",14.713,14.512,21.727
157,"1,3-Benzendiol",BZDOL,Oc1cc(ccc1)O,"{[#SN6]1[#SN6][#TC5]1}.{#SN6=Oc(c[!])c[!],#TC5=[!]ccc[!]}",-3.574,-16.583,-7.877
158,Benzonitrile,BZNI,N#Cc1ccccc1,"{[#TC5A]21[#TC5][#TC5A]2[#TN4a]1}.{#TN4a=[$]C#N,#TC5A=c[!A]cc[!B][$],#TC5=c[!A]cc[!A]}",11.256,6.406,15.969
159,Para-benzoquinone,BZQU,c1cc(=O)ccc1=O,"{[#TN6a]1[#TC5]2[#TN6a][#TC5]12}.{#TN6a=[$][$]c(=O),#TC5=[$]cc[$]}",3.249,-5.473,6.3
160,Benzotrifluoride,BZTF,c1ccc(cc1)C(F)(F)F,"{[#TC5A]21[#TC5][#TC5A]2[#SX4e]1}.{#SX4e=[$]C(F)(F)F,#TC5A=c[!A]cc[!B][$],#TC5=c[!A]cc[!A]}",15.222,13.045,23.306
161,Cyclohexane,CHEX,C1CCCCC1,{[#SC3]=[#SC3]}.{#SC3=[$]CCC[$]},17.468,20.832,20.114
162,Cyclohexene,CHEXE,C1CCccC1,"{[#SC4]=[#SC3]}.{#SC4=[!]CccC[!],#SC3=[!]CCCC[!]}",17.137,17.889,20.062
163,Chlorobenzene,CLBZ,Clc1ccccc1,"{[#SX3]1[#TC5][#TC5]1}.{#SX3=Clc(c[!])c[!],#TC5=[!]ccc[!]}",15.545,15.167,21.779
164,Cyclopropane,CPR,C1CC1,{[#SC3]}.{#SC3=C1CC1},9.2,11.0,10.9
165,Cumene,CUME,CC(C)c1ccccc1,"{[#TC5A]21[#TC5][#TC5A]2[#SC3]1}.{#SC3=[$]C(C)C,#TC5A=c[!A]cc[!B][$],#TC5=c[!A]cc[!A]}",20.031,20.716,25.398
166,Cyclopentane,CYPE,C1CCCC1,"{[#SC3]=[#TC3]}.{#SC3=[$]CCC[$],#TC3=[$]CC[$]}",15.107,18.488,17.499
167,Cyclopentanone,CYPO,C1CCC(=O)C1,"{[#TN6a]=[#SC3]}.{#SC3=[!]CCCC[!],#TN6a=[!]CC(=O)C[!]}",4.885,2.061,4.656
168,Cyclopentanol,CYPOL,C1CCC(C1)O,"{[#SN6]=[#SC3]}.{#SC3=[!]CCCC[!],#SN6=[!]CC(O)C[!]}""",3.226,0.18,3.161
169,"1,3-Dibromobenzene",DBRBZ,Brc1cccc(Br)c1,"{[#SX2]1[#SX2][#TC5]1}.{#SX2=Brc(c[!])c[!],#TC5=[!]ccc[!]}",17.169,18.497,26.04
170,"1,3-Dichlorobenzene",DCLBZ,Clc1cccc(Cl)c1,"{[#SX3]1[#SX3][#TC5]1}.{#SX3=Clc(c[!])c[!],#TC5=[!]ccc[!]}",18.077,18.222,26.15
171,"1,4-Dioxane",DIOX,O1CCOCC1,{[#SN3a]=[#SN3a]}.{#SN3a=[$]COC[$]},0.216,-5.38,2.282
172,"N,N-dimethylaniline",DMAN,CN(C)c1ccccc1,"{[#TC5A]21[#TC5][#TC5A]2[#SN1]1}.{#SN1=[$]N(C)C,#TC5A=c[!A]cc[!B][$],#TC5=c[!A]cc[!A]}",15.363,11.751,20.806
173,"2,5-dimethyl-1,4-benzoquinone",DMBZQ,Cc1cc(=O)c(cc1=O)C,"{[#TN6a]1[#SC4]2[#TN6a][#SC4A]12}.{#TN6a=[$][$]c(=O),#SC4=[$]c(C)c[$],#SC4A=[$]cc(C)[$]}",11.32,2.857,14.627
174,"1,3-Dioxolane",DXLA,O1CCOC1,"{[#SN5a]=[#TC3]}.{#SN5a=[$]OCO[$],#TC3=[$]CC[$]}",4.759,1.733,5.953
175,Ethyl-benzene,EBEN,CCc1ccccc1,"{[#TC5A]21[#TC5][#TC5A]2[#TC3]1}.{#TC3=[$]CC,#TC5A=c[!A]cc[!B][$],#TC5=c[!A]cc[!A]}",17.652,15.959,23.606
176,Furan,FURA,c1ccoc1,"{[#TC5]1[#TN2a][#TC5]1}.{#TC5=[$]cc[$],#TN2a=[$]o[$]}",9.968,7.212,13.874
177,Imidazole,IMID,c1cnc[nH]1,"{[#TN5a]1[#TC5][#TN6d]1}.{#TN6d=[>][<]n[H],#TN5a=[$]nc[>],#TC5=[<]cc[$]}",-1.521,-11.092,-2.106
178,Iodobenzene,IOBZ,c1ccc(cc1)I,"{[#X1]1[#TC5][#TC5]1}.{#X1=Ic(c[!])c[!],#TC5=[!]ccc[!]}",19.924,19.191,25.635
179,2-Iodophenol,IOPHE,c1ccc(c(c1)O)I,"{[#X1]1[#SN6][#TC5]1}.{#X1=Ic[$]c[$],#SN6=Oc[$]c[$],#TC5=[$]cc[$]}",11.331,5.531,12.984
180,Methyl-benzoate,MBZOA,COC(=O)c1ccccc1,"{[#TC5A]21[#TC5][#TC5A]2[#N4a]1}.{#N4a=[$]C(=O)OC,#TC5A=c[!A]cc[!B][$],#TC5=c[!A]cc[!A]}",14.745,7.22,18.018
181,Methylcyclopentane,MCYPE,CC1CCCC1,"{[#SC3]=[#SC3A]}.{#SC3=[$]CCC[$],#SC3A=[$]C(C)C[$]}",17.234,20.678,19.968
182,Mesitylene,CHEX,Cc1cc(cc(c1)C)C,{[#SC4]1[#SC4][#SC4]1}.{#SC4=Cc(c[!])c[!]},17.468,20.832,20.114
183,m-Xylene,MXYLE,Cc1cccc(c1)C,"{[#SC4]1[#SC4][#TC5]1}.{#SC4=Cc(c[!])c[!],#TC5=[!]ccc[!]}",20.006,17.726,24.589
184,Naphtalene,NAPH,c1ccc2ccccc2c1,"{[#TC5]1[#TC5B][#TC5A]12[#TC5][#TC5B]2}.{#TC5B=[$]cc[>],#TC5=[$]cc[<],#TC5A=[>][>]cc[<][<]}",18.437,16.156,26.389
185,Nitrobenzene,NIBZ,c1ccc(cc1)[N+](=O)[O-],"{[#TC5A]21[#TC5][#TC5A]2[#SN3a]1}.{#SN3a=[$][N+](=O)[O-],#TC5A=c[!A]cc[!B][$],#TC5=c[!A]cc[!A]}",11.71,8.051,16.913
186,ortho-Methylanisole,OMA,COc1ccccc1C,"{[#TC4]1[#SN2a]2[#TC5][#TC5]12}.{#TC4=[$][$]cC,#SN2a=[$][$]cOC,#TC5=[$]cc[$]}",17.176,13.306,22.813
187,o-Xylene,OXYLE,Cc1c(C)cccc1,"{[#SC4]1[#SC4][#TC5]1}.{#SC4=Cc[$]c[$],#TC5=[$]cc[$]}",19.796,17.577,24.333
188,Propyl-benzene,PBEN,CCCc1ccccc1,"{[#TC5A]21[#TC5][#TC5A]2[#SC2]1}.{#SC2=[$]CCC,#TC5A=c[!A]cc[!B][$],#TC5=c[!A]cc[!A]}",20.11,20.891,25.642
189,Propyl-benzoate,PBZOA,CCCOC(=O)c1ccccc1,"{[#TC5A]21[#TC5][#TC5A]2[#SN4a]1[#SC2]}.{#SN4a=[$]C(=O)O[>],#SC2=[<]CCC,#TC5A=c[!A]cc[!B][$],#TC5=c[!A]cc[!A]}",20.451,19.156,25.788
190,p-Cresol,PCRE,Cc1ccc(O)cc1,"{[#TN6]1[#TC5]2[#TC5A][#TC5]12}.{#TN6=[$][$]cO,#TC5=[$]cc[$],#TC5A=[$][$]cC}",6.657,0.738,9.02
191,p-Cymene,PCYM,c1cc(ccc1C(C)C)C,"{[#C3]1[#TC5]2[#TC4][#TC5]12}.{#C3=[$][$]cC(C)C,#TC5=[$]cc[$],#TC4=[$][$]cC}",25.33,24.23,29.032
192,Phenol,PHEN,Oc1ccccc1,"{[#SN6]1[#TC5][#TC5]1}.{#SN6=Oc(c[!])c[!],#TC5=[!]ccc[!]}",3.531,-3.213,3.893
193,Piperidine,PIPER,C1CCNCC1,"{[#SN6d]=[#SC3]}.{#SN6d=[$]CNC[$],#SC3=[$]CCC[$]}",6.258,1.77,5.382
194,p-Xylene,PXYLE,Cc1ccc(C)cc1,"{[#TC5A]1[#TC5]2[#TC5A][#TC5]12}.{#TC5=[$]cc[$],#TC5A=[$][$]cC}",16.483,14.736,22.457
195,Pyridazine,PYAZ,c1ccnnc1,"{[#TN1a]1[#TC5][#TC5]1}.{#TC5=[$]cc[$],#TN1a=[$]nn[$]}",11.789,8.999,15.796
196,Pyrrolidine,PYLI,C1CCNC1,"{[#TN6d]=[#SC3]}.{#TN6d=[!]CNC[!],#SC3=[!]CCCC[!]}",4.878,1.917,4.622
197,Pyridine,PYRI,c1cccnc1,"{[#TN6a]1[#TC5][#TC5]1}.{#TC5=[$]cc[$],#TN6a=[$]cn[$]}",4.754,-1.157,5.802
198,Pyrrole,PYRR,[nH]1cccc1,"{[#TN6d]1[#TC5][#TC5]1}.{#TC5=[$]cc[$],#TN6d=[$]n[$]}",4.509,-0.847,5.562
199,Styrene,STYR,c1ccccc1C=C,"{[#TC5A]21[#TC5][#TC5A]2[#TC5B]1}.{#TC5B=[$]C=C,#TC5A=c[!A]cc[!B][$],#TC5=c[!A]cc[!A]}",16.043,14.099,21.785
200,"1,2,4-Trichlorobenzene",TCLBZ,Clc1ccc(Cl)c(Cl)c1,{[#SX3]1[#SX3][#SX3]1}.{#SX3=Clc[$]c[$]},20.747,22.255,30.591
201,Thiazole,THAZ,n1ccsc1,"{[#TN6a]1[#TC6][#TC5]1}.{#TN6a=[$]cn[$],#TC5=[$]cc[$],#TC6=[$]s[$]}",3.634,-2.92,5.447
202,Tetrahydrofuran,THF,C1CCOC1,"{[#TN4a]=[#SC3]}.{#TN4a=[!]COC[!],#SC3=[!]CCCC[!]}",7.672,5.543,9.338
203,Thiophene,THIO,c1ccsc1,"{[#TC5]1[#TC6][#TC5]1}.{#TC5=[$]cc[$],#TC6=[$]s[$]}",11.52,9.097,16.995
204,Tetrahydropyran,THP,O1CCCCC1,"{[#SN4a]=[#SC3]}.{#SN4a=[$]COC[$],#SC3=[$]CCC[$]}",9.642,6.487,11.512
205,Thiophenol,THPH,Sc1ccccc1,"{[#SC6]1[#TC5][#TC5]1}.{#SC6=Sc(c[!])c[!],#TC5=[!]ccc[!]}",12.81,9.805,18.511
206,Tetrahydrothiophene,THT,S1CCCC1,"{[#SC6]=[#TC3]}.{#SC6=[$]CSC[$],#TC3=[$]CC[$]}",11.776,10.969,15.656
207,Toluene,TOLU,Cc1ccccc1,"{[#SC4]1[#TC5][#TC5]1}.{#SC4=Cc(c[!])c[!],#TC5=[!]ccc[!]}",15.955,14.35,20.712
208,Methoxybenzene,XBZ,COc1ccccc1,"{[#TC5A]21[#TC5][#TC5A]2[#TN2a]1}.{#TN2a=[$]OC,#TC5A=c[!A]cc[!B][$],#TC5=c[!A]cc[!A]}",14.274,10.923,19.349
209,D-glucose,GLC,C(C1C(C(C(C(O1)O)O)O)O)O,"{[#SP4r]1.2[#SP4r].3[#SP1r]1.[#TC4]23}.{#SP4r=OC[$]C[$]O,#SP1r=[$]OC[$]CO}",-16.32,-39.05,-20.71
210,D-mannose,MAN,C(C1C(C(C(C(O1)O)O)O)O)O,"{[#SP4r]1.2[#SP4r].3[#SP1r]1.[#TC4]23}.{#SP4r=OC[$]C[$]O,#SP1r=[$]OC[$]CO}",-16.03,-38.89,-20.79
211,D-galactose,GAL,C(C1C(C(C(C(O1)O)O)O)O)O,"{[#SP4r]1.2[#SP4r].3[#SP1r]1.[#TC4]23}.{#SP4r=OC[$]C[$]O,#SP1r=[$]OC[$]CO}",-16.16,-39.3,-20.94
212,N-acetylglucosamine,GYN,O=C(N[C@@H]1[C@@H](O)[C@H](O)[C@H](O[C@H]1O)CO)C,"{[#SP4r]1.2[#SN6].3([#SP3d])[#SP1r]1.[#TC4]23}.{#SP4r=OC[<]C[>]O,#SP1r=[<A]OC[>]CO,#SN6=[$][<]CC[>A]O,#SP3d=[$]NC(=O)C}",-16.02,-46.21,-25.03
213,N-acetylneuraminic acid,NMC,CC(=O)NC1C(CC(OC1C(C(CO)O)O)(C(=O)O)O)O,"{[#SN6A]1.2([#SP2r])[#SN6B].3([#SP3d])[#SP1r]1([#SP3]).[#TC4]23}.{#SN6A=C[<]C[>A][$A]O,#SN6B=C[<B][$B]C[>]O,#SP1r=[<A]OC[>B]C[$C]O,#SP2r=[$A]C(=O)O,#SP3d=[$B]NC(=O)C,#SP3=OC[$C]CO}",-21.39,,
214,D-glucuronic acid,GLA,C1(C(C(OC(C1O)O)C(=O)O)O)O,"{[#SP4r]1.2[#SP4r].3[#TN4ar]1([#SP2]).[#TC4]23}.{#SP4r=OC[$]C[$]O,#TN4ar=[$]OC[$][$],#SP2=[$]C(=O)O}",-18.17,-46.18,-24.25
215,D-fucose,LFUC,CC1C(C(C(C(O1)O)O)O)O,"{[#SP4r]1.2[#SP4r].3[#SN4ar]1.[#TC4]23}.{#SP4r=OC[$]C[$]O,#SN4ar=[$]OC[$]C}",-11.09,-31.59,-13.63
216,L-rhamnose,LRHA,CC1C(C(C(C(O1)O)O)O)O,"{[#SP4r]1.2[#SP4r].3[#SN4ar]1.[#TC4]23}.{#SP4r=OC[$]C[$]O,#SN4ar=[$]OC[$]C}",-11.11,-31.42,-13.37
217,D-xylose,XYL,OCC1(C(C(C(O1)O)O)O),"{[#SP4r]1.2[#TP1].3[#SP1r]1.[#TC4]23}.{#SP4r=OC[$]C[$]O,#SP1r=[$]OC[$]CO,#TP1=C[$][$]O}",-13.06,-32.94,-15.62
218,Inositol,INO,C1(C(C(C(C(C1O)O)O)O)O)O,{[#SP4r]1.2[#SP4r].3[#SP4r]1.[#TC4]23}.{#SP4r=OC[$]C[$]O},-19.42,-44.09,-24.95
219,Threhalose,TREH,OC[C@@H]1[C@@H](O)[C@H](O)[C@@H](O)[C@H](O1)O[C@@H]2[C@H](O)[C@@H](O)[C@H](O)[C@H](O2)CO,"{[#TC4].1.2.[#SP1rC]3[#SP4rB]1[#SP1rA]23[#SN6]4[#SP4rB][#SP1rC]4}.{#SP1rC=OCC[$bc]O[$ac],#SP4rB=OC[$bc]C[$ab]O,#SP1rA=OC[$ab]C[$ac]O[$g],#SN6=[$g]C[$ac]C[$ab]O}",-20.61,-60.49,-32.27
220,Lactose,LAC,C([C@@H]1[C@@H]([C@@H]([C@H]([C@@H](O1)O[C@@H]2[C@H](O[C@H]([C@@H]([C@H]2O)O)O)CO)O)O)O)O,"{[#TC4].1.2.[#SP1rC]3[#SP4rA]1[#SP1rB]23[#SN6]4.5[#SP4rB].6[#SP1rC]4.[#TC4]56}.{#SP1rC=OCC[$bc]O[$ac],#SP4rA=OC[$ac]C[$ab]O,#SP1rB=OC[$ab]C[$bc]O[$g],#SN6=[$g][$ac]CC[$ab]O,#SP4rB=OC[$ab]C[$bc]O}",-22.28,-63.06,-34.14
221,D-Ribofuranose,RIBF,C([C@@H]1[C@H]([C@H]([C@@H](O1)O)O)O)O,"{[#SP4r]1.2[#TP1].3[#SP1r]1.[#TC4]23}.{#SP4r=O[$ab]CC[$ac]O,#TP1=[$ab]C[$bc]O,#SP1r=[$ac]OC[$bc]CO}",-13.66,-34.77,-18.79
222,Fructofuranose,FRUF,C([C@H]1[C@@H]([C@H]([C@@](O1)(CO)O)O)O)O,"{[#SP4r]1.2[#SP4rB].3[#SP1r]1.[#TC4]23}.{#SP4r=OC[$ab][$ac]CO,#SP4rB=OC[$ab]C[$bc]O,#SP1r=[$ac]OC[$bc]CO}",-16.51,-39.09,-21.11
223,Succerose,SUCR,O1[C@H](CO)[C@@H](O)[C@H](O)[C@@H](O)[C@H]1O[C@@]2(O[C@@H]([C@@H](O)[C@@H]2O)CO)CO,"{[#TC4].1.2.[#SP1rC]3[#SP4rB]1[#SP1rA]23[#SN6]4.5[#SP4rB].6[#SP1rC]4.[#TC4]56}.{#SP1rC=OCC[$bc]O[$ac],#SP4rB=OC[$bc]C[$ab]O,#SP1rA=OCC[$ab][$ac]O[$g],#SN6=[$g]C[$ac]C[$ab]O}",-21.26,-61.32,-33.79
224,Squaramide,RN/RP,C1(=C(C(=O)C1=O)N(C))NCCC(N(CCCCC)CCCCC),"{[#C1][#SN3a]([#C1])[#N5]1[#SN5][#TN6a][#TN6a]1}.{#C1=CCCC[$a],#SN3a=[$a]CN(C[$a])C[>a],#N5=[<a]CCNc[$][$],#SN5=[$][$]cNC,#TN6a=[$][$]c=O}",32.0,10.5,24.9
225,ALC,ALC,COCCOCC(N(CCCC)CCCC)=O,"{[#TN3a][#SN3r][#P2a]([#C1])[#C1]}.{#TN3a=CO[>],#SN3r=[<]CCO[>],#P2a=[<]CC(=O)N[>][>],#C1=[<]CCCC}'",23.2,10.8,20.3
226,Piperazine,PI/PP,C1CN(C)CCN1CCCCC,"{[#N4a]=[#N4a][#C1]}.{#N4a=[$]CN(C[>])C[$],#C1=[<]CCCC}'",21.8,10.0,18.8
227,Ether_0,NE/NP,CCOCC(CN(C)C)OCC,"{[#TN3a][#SC2]([#SN3r])[#SN3r]}.{#TN3a=CN[$]C,#SC2=[$]CC[$a]C[$a],#SN3r=[$a]OCC}' 'CCOCC(CN(C)C)OCC",4.5,-1.0,8.5
228,Triple_amine_0_0_0,TN/TP,CN(C)CCCN(C)CCCN(C)(C),"{[#SN3a][#TC3][#SN3a][#TC3][#SN3a]}.{#SN3a=CN(C[!])C[!],#TC3=[!]CCC[!]}'",1.0,-8.8,5.5
229,Double_ester_long_branched,Double_ester_branched,CCCCC(=O)OCCOC(=O)C(C)C,"{[#C1][#SN4a][#SN4a][#SC2]}.{#C1=CCCC[>],#SN4a=[<]C(=O)OC[$],#SC2=CC[>]C}'",27.6,21.2,27.9
230,Amine_carbamat,CA/CP,CN(CC(CNC(CCCCC)=O)NC(CCCCC)=O)C,"{[#SN3a][#P2]([#C1])[#P2][#C1]}.{#SN3a=CN(C)C[>],#P2=[$][<]CNC(=O)C[>],#C1=[<]CCCC}'",23.2,7.1,18.1
231,DMG,DMG,O=C(CCCC)OCC(OC(CCCC)=O)COCCOC,"{[#C2][#SN4a][#SN4a]([#C2])[#SN3r]|2}.{#C2=[>]CCCC,#SN4a=[<]C(=O)OC[$][$a],#SN3r=[$a]COC[$a]}' 'O=C(CCCC)OCC(OC(CCCC)=O)COCCOC'",23.4,12.1,24.3
232,SC1_ester_SC1,SC1_ester_SC1,CCCCC(=O)OCCCC,"{[#SC1][#SN4a][#SC1]}.{#SC1=[$]CCC,#SN4a=[$]CC(=O)OC[$]}",26.1,23.2,27.3
233,C4h_ester_C4h,C4h_ester_C4h,CCC=CCOC(=O)C=CCC,"{[#C4hA][#SN4a][#C4hB]}.{#C4hA=CCC=C[>],#SN4a=[<]C(=O)OC[>],#C4hB=[<]C=CCC}",25.3,15.2,25.9
234,Amine2_link_alcohol,S1/SP,CCCCCN(CCO)CCCCC,"{[#C2][#SN3a]([#TP1])[#C2]}.{#C2=[$]CCCC,#SN3a=[$]CN(C[$])C[$],#TP1=[$]CO}",22.7,14.1,20.6
235,Double_ester_long,Double_ester_long,CCCCCC(=O)OCCOC(=O)CCCCC,"{[#C1][#SN4a][#SN4a][#C1]}.{#C1=CCCCC[>],#SN4a=[<]C(=O)OC[$]}'",35.1,23.9,32.9
236,Amine_link_alcohol,Z1/ZP,CCCCCN(CCCCO)CCCCC,"{[#C2][#SN3a]([#P1])[#C2]}.{#C2=[$]CCCC,#SN3a=[$]CN(C[$])C[$],#P1=[$]CCCO}",26.2,16.3,23.4
237,DAP_amine,DT/DP,CN(CC(COC(CCCC)=O)OC(CCCC)=O)C,"{[#SN3a][#SN4a]([#C1])[#SN4a][#C1]}.{#SN3a=CN(C)C[>],#SN4a=[<][$]COC[>](=O),#C1=[<]CCCC}",34.7,21.4,33.4
238,C1_ester_C1,C1_ester_C1,CCCCCOC(=O)CCCC,"{[#C1][#SN4a][#C1]}.{#C1=[$]CCCC,#SN4a=[$]C(=O)OC[$]}",35.3,28.0,32.9
239,Amine_link_ether,EA/EP,CN(C)CCCCCCOCCCCC,"{[#SN3a][#C2][#SN4ah][#C1]}.{#SN3a=CN(C)C[$],#SN4ah=[$]COC[$],#C2=[$]CCCC[$],#C1=[$]CCCC}'",31.1,23.8,31.1
240,Amine_link_ester,AE/AP,CN(C)CCCCCCOC(=O)CCCC,"{[#TN3a][#C2][#SN4a][#C1]}.{#TN3a=CN[$]C,#C2=[$]CCCC[>],#SN4a=[>]C(=O)OCC[<],#C1=[<]CCCC}",30.7,23.4,30.9
241,KC1_amine,B1/BP,CN(CC1OC(CCCC)(CCCCC)OC1)C,"{[#SN3a][#TN5r]1[#TN5r][#SC2]1([#C1])[#C1A]}.{#SN3a=CN(C)C[$],#TN5r=[$][$]CO[>],#SC2=C[<][<](C[>])C[>],#C1=[<]CCC,#C1A=[<]CCCC}",32.0,22.8,30.4
242,Ether_link_unsat,Ether_link_unsat,COCCCCCCC=CC,"{[#SN4ah][#C1][#C4h]}.{#C1=[<]CCCC[>],#SN4ah=COC[>],#C4h=[<]CC=CC}",27.5,20.0,27.0
243,KC2_amine,K2/KP,CN(CCC1OC(CCCC)(CCCCC)OC1)C,"{[#TN3a][#TC2][#TN5r]1[#TN5r][#SC2]1([#C1])[#C1A]}.{#TN3a=CN[$]C,#TC2=[$]CC[$],#TN5r=[$][$]CO[>],#SC2=C[<][<](C[>])C[>],#C1=[<]CCC,#C1A=[<]CCCC}",39.8,32.7,39.8
244,MC3_amine,M3/MP,CCCCC(CCCC)OC(=O)CCCN(C)C,"{[#TN3a][#TC2][#SN4a][#SC2]([#SC1])[#SC1]}.{#TN3a=CN[>]C,#TC2=[<]CC[>a],#SN4a=[<a]CC(=O)O[>b],#SC2=[>]CC[<b]C[>],#SC1=[<]CCC}",39.9,39.7,43.7
245,Ether_link_sat,Ether_link_sat,COCCCCCCCCC,"{[#SN4ah][#C1]|2}.{#C1=[<]CCCC[>],#SN4ah=COC[>][<]}",32.7,26.2,30.3
246,Amine_branched,FN/FP,C(N(CCCCC)CCCCC),"{[#C2][#SN4a][#C2]}.{#C2=CCCC[$],#SN4a=[$]CN(C)C[$]}'",28.4,25.9,28.0
247,Ester_branched3,Ester_branched3,CCCCC(CCCC)OC(=O)CCCCC,"{[#C2][#SN4a][#SC2]([#SC1])[#SC1]}.{#C2=CCCC[>],#SN4a=[<]CC(=O)O[>],#SC2=[$]CC[<]C[$],#SC1=CCC[$]}'",44.8,46.3,45.9
248,Amine_ester_disulfied,ES/EP,CN(C)CCCCCCC(=O)OCCSSCCCCCCCCC,"{[#SN3a][#C2][#SN4a][#C6][#C1]|2}.{#SN3a=CN(C)C[>],#C2=[<]CCCC[>a],#SN4a=[<a]CC(=O)OC[>b],#C6=[<b]CSSC[$],#C1=[$]CCCC[$]}",50.5,39.9,50.4
249,Ester_branched_long_unsat,Ester_branched_long_unsat,CCC=CCCCCCC(CCCCCC=CCC)OC(=O)CCCCC,"{[#C4h][#C1][#SC2]([#SN4a][#C1])[#C1][#C4h]}.{#C1=[<]CCCC[>],#SC2=[>]CC[$]C[>],#SN4a=[$]OC(=O)C[>],#C4h=[<]C=CCC}",74.4,64.7,71.5
250,Ester_branched_long_sat,Ester_branched_long_sat,CCCCCCCCCC(CCCCCCCCC)OC(=O)CCCCC,"{[#C1][#C1][#SC2]([#SN4a][#C1])[#C1][#C1]}.{#C1=[$]CCCC[$][$b],#SC2=[$]CC[$a]C[$],#SN4a=[$a]OC(=O)C[$b]}",86.3,78.4,80.3
251,"1,3,5-tribromo-2-methoxybenzene",,COc1c(Br)cc(Br)cc1Br,"{[#SX2A]21[#SX2][#SX2A]2[#TN2a]1}.{#TN2a=[$]OC,#SX2A=c[!A]c(Br)c[!B][$],#SX2=c[!A]c(Br)c[!A]}",20.53,21.35,31.43
252,"n,n,2-trimethylaniline",,CN(C)c1ccccc1C,"{[#SC4]21[#TC5][#TC5A]2[#SN1]1}.{#SN1=[$]N(C)C,#TC5A=c[!A]cc[!B][$],#SC4=c[!A]c(C)c[!B][$],#TC5=c[!A]cc[!A]}",18.25,14.66,23.45
253,"1,2,3,4,5,6-hexamethylbenzene",,Cc1c(C)c(C)c(C)c(C)c1C,{[#TC4]1[#TC4][#TC4][#TC4][#TC4][#TC4]1}.{#TC4=[$]c(C)[$]},,,
254,chloro(trifluoromethyl)benzene,,FC(F)(F)c1ccccc1Cl,"{[#SX3]21[#TC5][#TC5A]2[#SX4e]1}.{#SX4e=[$]C(F)(F)F,#SX3=c[!A]c(Cl)c[!B][$],#TC5A=c[!A]cc[!B][$],#TC5=c[!A]cc[!A]}",17.12,16.5,26.68
255,2-chloro-1-nitrobenzene,,[O-][N+](=O)c1ccccc1Cl,"{[#SX3]21[#TC5][#TC5A]2[#SN3a]1}.{#SN3a=[$][N+](=O)[O-],#SX3=c[!A]c(Cl)c[!B][$],#TC5=c[!A]cc[!A],#TC5A=c[!A]cc[!B]}",14.02,11.72,20.64
256,methyl 2-methylbenzoate,,COC(=O)c1ccccc1C,"{[#SC4]21[#TC5][#TC5A]2[#N4a]1}.{#N4a=[$]C(=O)OC,#SC4=c[!A]c(C)c[!B][$],#TC5A=c[!A]cc[!B][$],#TC5=c[!A]cc[!A]}",17.64,10.85,20.92
257,2-chlorobenzaldehyde,,Clc1ccccc1C=O,"{[#SX3]21[#TC5][#TC5A]2[#TN4a]1}.{#TN4a=[$]C(=O),#SX3=c[!A]c(Cl)c[!B][$],#TC5A=c[!A]cc[!B][$],#TC5=c[!A]cc[!A]}",13.59,9.95,19.79
258,2-hydroxybenzaldehyde,,Oc1ccccc1C=O,"{[#SN6]21[#TC5][#TC5A]2[#TN4a]1}.{#TN4a=[$]C(=O),#SN6=c[!A]c(O)c[!B][$],#TC5A=c[!A]cc[!B][$],#TC5=c[!A]cc[!A]}",2.53,-7.71,2.57
259,"benzene-1,2-diamine",,Nc1ccccc1N,"{[#SN6d]1[#SN6d][#TC5]1}.{#SN6d=Nc[$]c[$],#TC5=[$]cc[$]}",-0.48,-13.1,-4.38
260,2-chloroaniline,,Nc1ccccc1Cl,"{[#SN6d]1[#SX3][#TC5]1}.{#SN6d=Nc[$]c[$],#SX3=Clc[$]c[$],#TC5=[$]cc[$]}",8.6,2.75,10.86
261,2-methylaniline,,Cc1ccccc1N,"{[#SN6d]1[#SC4][#TC5]1}.{#SN6d=Nc[$]c[$],#SC4=Cc[$]c[$],#TC5=[$]cc[$]}",9.41,2.41,10.18
262,2-aminophenol,,Nc1ccccc1O,"{[#SN6d]1[#SN6][#TC5]1}.{#SN6d=Nc[$]c[$],#SN6=Oc[$]c[$],#TC5=[$]cc[$]}",-2.07,-14.61,-6.01
263,2-bromophenol,,Oc1ccccc1Br,"{[#SX2]1[#SN6][#TC5]1}.{#SX2=Brc[$]c[$],#SN6=Oc[$]c[$],#TC5=[$]cc[$]}",6.43,0.92,9.11
264,2-chlorophenol,,Oc1ccccc1Cl,"{[#SX3]1[#SN6][#TC5]1}.{#SX3=Clc[$]c[$],#SN6=Oc[$]c[$],#TC5=[$]cc[$]}",6.92,1.04,8.96
265,"2,3-dimethylnaphthalene",,Cc1cc2ccccc2cc1C,"{[#TC5]1[#TC5B][#TC5A]12[#SC4][#SC4B]2}.{#TC5B=[$]cc[>],#TC5=[$]cc[<],#TC5A=[>][>]cc[<][<],#SC4=[$]c(C)c[<],#SC4B=[$]c(C)c[>]}",26.13,24.16,33.36
266,"3,4-dimethylaniline",,Cc1ccc(N)cc1C,"{[#SC4]1[#SC4][#SN6d]1}.{#SC4=Cc[$]c[$],#SN6d=Nc[$]c[$]}",13.2,5.83,14.12
267,"2,4-dimethylaniline",,Cc1ccc(N)c(C)c1,"{[#SN6d]1[#SC4][#SC4A]1}.{#SN6d=Nc[>1]c[$],#SC4=Cc[<1]c[<2],#SC4A=Cc[>2]c[$]}",13.08,6.05,14.16
268,"3,4-dimethylphenol",,Cc1ccc(O)cc1C,"{[#SC4]1[#SC4][#SN6]1}.{#SC4=Cc[$]c[$],#SN6=Oc[$]c[$]}",11.49,4.28,12.28
269,2-methylhydroquinone,,Cc1cc(O)ccc1O,"{[#TN6a]1[#SC4]2[#TN6a][#TC5]12}.{#TN6a=[$][$]c(=O),#SC4=[$]c(C)c[$],#SC4A=[$]cc(C)[$],#TC5=[$]cc[$]}",,,
270,"benzene, 2-chloro-1,4-dimethyl-",,Cc1ccc(C)c(Cl)c1,"{[#SC4]1[#SX3][#SC4A]1}.{#SC4=Cc[>1]c[$],#SX3=Clc[<1]c[<2],#SC4A=Cc[>2]c[$]}",22.55,21.3,28.91
271,"2,4-dichlorotoluene",,Cc1ccc(Cl)cc1Cl,"{[#SC4]1[#SX3][#SX3A]1}.{#SC4=Cc[>1]c[$],#SX3=Clc[<1]c[<2],#SX3A=Clc[>2]c[$]}",21.64,21.72,29.64
272,"3,4-dichlorotoluene",,Cc1ccc(Cl)c(Cl)c1,"{[#SX3]1[#SX3][#SC4]1}.{#SX3=Clc[$]c[$],#SC4=Cc[$]c[$]}",21.56,21.44,29.52
273,"3,4-dichloroaniline",,Nc1ccc(Cl)c(Cl)c1,"{[#SX3]1[#SX3][#SN6d]1}.{#SX3=Clc[$]c[$],#SN6d=Nc[$]c[$]}",11.47,6.29,15.48
274,"3,4-dichlorophenol",,Oc1ccc(Cl)c(Cl)c1,"{[#SX3]1[#SX3][#SN6]1}.{#SX3=Clc[$]c[$],#SN6=Oc[$]c[$]}",9.74,4.9,13.76
275,"2,5-dimethylaniline",,Cc1ccc(C)c(N)c1,"{[#SC4]1[#SN6d][#SC4A]1}.{#SC4=Cc[>1]c[$],#SN6d=Nc[<1]c[<2],#SC4A=Cc[>2]c[$]}",13.11,6.23,14.31
276,"2,5-dichloroaniline",,Nc1cc(Cl)ccc1Cl,"{[#SX3]1[#SN6d][#SX3A]1}.{#SX3=Clc[>1]c[$],#SN6d=Nc[<1]c[<2],#SX3A=Clc[>2]c[$]}",11.53,6.49,15.65
277,"2,5-dimethylphenol",,Cc1ccc(C)c(O)c1,"{[#SC4]1[#SN6][#SC4A]1}.{#SC4=Cc[>1]c[$],#SN6=Oc[<1]c[<2],#SC4A=Cc[>2]c[$]}",11.54,4.58,12.46
278,1-methylpyrrole,,Cn1cccc1,"{[#TC5]1[#TC5][#TN1]1}.{#TN1=[$][$]nC,#TC5=[$]cc[$]}",10.53,7.39,14.58
279,"2,5-dimethylpyrazine",,Cc1cnc(C)cn1,"{[#TC4]1[#TN6a]2[#TC4A][#TN6aA]12}.{#TC4=[$][$]cC,#TN6a=[$]nc[$],#TC4A=[$][>]cC,#TN6aA=[$]cn[<]}",5.24,-5.23,4.15
280,"1,2-diethylbenzene",,CCc1ccccc1CC,"{[#C4]1[#C4A][#TC5]1}.{#C4=CCc[>]c[$],#C4A=CCc[<]c[$],#TC5=[$]cc[$]}",25.27,21.18,27.51
281,butan-2-ylbenzene,,CCC(C)c1ccccc1,"{[#TC5A]21[#TC5][#TC5A]2[#C1]1}.{#C1=[$]C(C)CC,#TC5A=c[!A]cc[!B][$],#TC5=c[!A]cc[!A]}",27.28,26.03,30.0
282,butyl benzoate,,CCCCOC(=O)c1ccccc1,"{[#TC5A]21[#TC5][#TC5A]2[#N4a]1[#SC2]}.{#N4a=[$]C(=O)OC[>],#TC5A=c[!A]cc[!B][$],#TC5=c[!A]cc[!A],#SC2=[<]CCC}",22.1,20.31,26.94
283,methyl 2-methylbenzoate,,COC(=O)c1ccccc1C,"{[#SC4]21[#TC5][#TC5A]2[#N4a]1}.{#N4a=[$]C(=O)OC,#SC4=c[!A]c(C)c[!B][$],#TC5A=c[!A]cc[!B][$],#TC5=c[!A]cc[!A]}",17.64,10.85,20.92
284,ethyl benzoate,,CCOC(=O)c1ccccc1,"{[#TC5A]21[#TC5][#TC5A]2[#SN4a]1[#TC2]}.{#SN4a=[$]C(=O)O[>],#TC2=[<]CC,#TC5A=c[!A]cc[!B][$],#TC5=c[!A]cc[!A]}",,,
285,2-aminobenzenethiol,,Nc1ccccc1S,"{[#SN6d]1[#SC6][#TC5]1}.{#SN6d=Nc[>]c[$],#SC6=Sc[<]c[$],#TC5=[$]cc[$]}",6.28,-2.27,7.83
286,"2,4,5-trimethylaniline",,Cc1cc(C)c(N)cc1C,"{[#TN6d]1[#SC4]2[#TC4][#SC4A]12}.{#TN6d=[$][$]cN,#SC4=[$]c(C)c[$],#SC4A=[$]cc(C)[$],#TC4=[$][$]cC}",,,
287,"pyridazine, 3,6-dichloro-",,Clc1ccc(Cl)nn1,"{[#TX3]1[#TC5]2[#TX3][#TN1a]12}.{#TX3=[$][$]cCl,#TC5=[$]cc[$],#TN1a=[$]nn[$]}",,,
288,cinnoline,,c1ccc2nnccc2c1,"{[#TC5]1[#TC5B][#TC5A]12[#TC5][#TN1aB]2}.{#TC5B=[$]cc[>],#TC5=[$]cc[<],#TC5A=[>][>]cc[<][<],#TN1aB=[$]nn[>]}",18.69,16.06,25.17
289,naphthalen-1-amine,,Nc1cccc2ccccc12,"{[#TC5]1[#TC5B][#TC5A]12[#TC5][#SN6dB]2}.{#TC5B=[$]cc[>],#TC5=[$]cc[<],#TC5A=[>][>]cc[<][<],#SN6dB=[$]cc(N)[>]}",12.51,5.74,15.68
290,naphthalen-1-ol,,Oc1cccc2ccccc12,"{[#TC5]1[#TC5B][#TC5A]12[#TC5][#SN6B]2}.{#TC5B=[$]cc[>],#TC5=[$]cc[<],#TC5A=[>][>]cc[<][<],#SN6B=[$]cc(O)[>]}",10.79,4.2,13.78
291,naphthalen-2-amine,,Nc1ccc2ccccc2c1,"{[#TC5]1[#TC5B][#TC5A]12[#TC5][#SN6dB]2}.{#TC5B=[$]cc[>],#TC5=[$]cc[<],#TC5A=[>][>]cc[<][<],#SN6dB=[$]c(N)c[>]}",12.59,5.78,15.71
292,naphthalen-2-ol,,Oc1ccc2ccccc2c1,"{[#TC5]1[#TC5B][#TC5A]12[#TC5][#SN6B]2}.{#TC5B=[$]cc[>],#TC5=[$]cc[<],#TC5A=[>][>]cc[<][<],#SN6B=[$]c(O)c[>]}",10.9,4.05,13.83
293,"1,2,3,4-tetrahydronaphthalen-2-amine",,NC1CCc2ccccc2C1,"{[#TC5]1[#TC5B][#TC5A]12[#TC3][#SN6B]2}.{#TC5B=[$]cc[>],#TC5=[$]cc[<],#TC5A=[>][>]cc[<][<],#TC3=[$]CC[<],#SN6B=[$]C(N)C[>]}",12.53,7.93,15.17
294,quinoline,,c1ccc2ncccc2c1,"{[#TC5]1[#TC5B][#TC5A]12[#TC5][#TN6aB]2}.{#TC5B=[$]cc[>],#TC5=[$]cc[<],#TC5A=[>][>]cc[<][<],#TN6aB=[$]cn[>]}",11.83,6.34,15.77
295,isoquinoline,,c1ccc2cnccc2c1,"{[#TC5]1[#TC5B][#TC5A]12[#TC5][#TN6aB]2}.{#TC5B=[$]cc[>],#TC5=[$]cc[<],#TC5A=[>][>]cc[<][<],#TN6aB=[$]nc[>]}",11.88,6.5,15.75
296,2-methylquinoline,,Cc1ccc2ccccc2n1,"{[#TC5]1[#TC5B][#TC5A]12[#TC5][#SN6aB]2}.{#TC5B=[$]cc[>],#TC5=[$]cc[<],#TC5A=[>][>]cc[<][<],#SN6aB=[$]c(C)n[>]}",12.54,5.93,15.81
297,4-methylquinoline,,Cc1ccnc2ccccc12,"{[#TC5]1[#TC5B][#TC5A]12[#SC4][#TN6aB]2}.{#TC5B=[$]cc[>],#TC5=[$]cc[<],#TC5A=[>][>]cc[<][<],#SC4=[$]cc(C)[<],#TN6aB=[$]cn[>]}",15.59,10.0,19.53
298,quinolin-8-ol,,Oc1cccc2cccnc12,"{[#TC5]1[#SN6B][#TC5A]12[#TC5][#TN6aB]2}.{#SN6B=[$]cc(O)[>],#TC5=[$]cc[<],#TC5A=[>][>]cc[<][<],#TN6aB=[$]cn[>]}",4.06,-7.06,3.5
299,"8-quinolinol,5-chloro-",,Oc1c2ncccc2c(Cl)cc1,"{[#SX3]1[#SN6B][#TC5A]12[#TC5][#TN6aB]2}.{#SN6B=[$]cc(O)[>],#SX3=[$]cc(Cl)[<],#TC5A=[>][>]cc[<][<],#TC5=[$]cc[<],#TN6aB=[$]cn[>]}",6.56,-3.33,8.01
300,8-fluoroquinoline,,Fc1cccc2cccnc12,"{[#TC5]1[#SX4e][#TC5A]12[#TC5][#TN6aB]2}.{#SX4e=[$]cc(F)[>],#TC5=[$]cc[<],#TC5A=[>][>]cc[<][<],#TN6aB=[$]cn[>]}",10.88,4.88,16.84
